driver_name,races,total_points,avg_points,points_std,avg_grid,avg_finish,dnf_rate,avg_grid_vs_finish,consistency_index,efficiency_score,performance_index,roi_proxy,performance_volatility,high_performer_flag,reliable_driver_flag
Alexander Albon,129,308.0,2.387596899224806,3.9057451224113824,11.55813953488372,9.294573643410853,0.13178294573643412,2.2635658914728682,0.48669403722531773,0.19012345679012346,0.3704873743188272,2.3692307692307693,3.9057451224113824,0,1
Alexander Rossi,5,0.0,0.0,0.0,17.8,15.4,0.0,2.4,0.0,0.0,0.3437647058823529,0.0,0.0,0,0
Andrea Kimi Antonelli,24,135.0,5.625,5.998641150475158,8.541666666666666,9.833333333333334,0.0,-1.2916666666666667,0.8037274492374998,0.5895196506550219,0.4681426630057964,5.4,5.998641150475158,1,1
Antonio Giovinazzi,62,21.0,0.3387096774193548,1.3421727966139032,14.370967741935484,12.096774193548388,0.0967741935483871,2.274193548387097,0.14461344522019465,0.02203567681007345,0.3231299904183967,0.3333333333333333,1.3421727966139032,0,0
Brendon Hartley,25,4.0,0.16,0.4725815626252608,15.28,9.08,0.32,6.2,0.10865272529608361,0.009828009828009828,0.2880555786671104,0.15384615384615385,0.4725815626252608,0,0
Carlos Sainz,232,1257.5,5.420258620689655,5.985290332617642,8.818965517241379,6.556034482758621,0.16379310344827586,2.2629310344827585,0.7759532335227199,0.552019315188762,0.44666793381743275,5.396995708154506,5.985290332617642,1,0
Charles Leclerc,173,1588.0,9.179190751445086,7.1874588317143315,6.242774566473988,4.930635838150289,0.1329479768786127,1.3121387283236994,1.1211281717703736,1.2673583399840382,0.5533075520599129,9.126436781609195,7.1874588317143315,1,1
Daniel Ricciardo,188,1052.0,5.595744680851064,6.5314036111944915,9.02127659574468,6.73404255319149,0.15425531914893617,2.2872340425531914,0.7429882887346109,0.5583864118895967,0.4547222482841883,5.5661375661375665,6.5314036111944915,1,0
Daniil Kvyat,93,194.0,2.086021505376344,3.979993210553785,12.075268817204302,8.53763440860215,0.1827956989247312,3.5376344086021505,0.4188803914341832,0.1595394736842105,0.3586436529258781,2.0638297872340425,3.979993210553785,0,0
Esteban Gutiérrez,21,0.0,0.0,0.0,13.952380952380953,10.476190476190476,0.23809523809523808,3.4761904761904763,0.0,0.0,0.28246498599439773,0.0,0.0,0,0
Esteban Ocon,180,474.0,2.6333333333333333,4.011018344064833,11.622222222222222,8.972222222222221,0.13333333333333333,2.65,0.5255086197104656,0.20862676056338028,0.380610810660898,2.6187845303867405,4.011018344064833,0,1
Felipe Massa,59,217.0,3.6779661016949152,4.336853610650284,9.203389830508474,7.677966101694915,0.13559322033898305,1.5254237288135593,0.6891637601516979,0.3604651162790698,0.3988997364342616,3.6166666666666667,4.336853610650284,0,0
Felipe Nasr,40,29.0,0.725,2.099908422911671,15.9,10.8,0.175,5.1,0.23387787672741137,0.04289940828402367,0.3371856643647558,0.7073170731707317,2.099908422911671,0,0
Fernando Alonso,192,613.0,3.1927083333333335,4.396494195710314,10.791666666666666,7.989583333333333,0.17708333333333334,2.8020833333333335,0.5916263814146645,0.27075971731448767,0.38474108702887094,3.1761658031088085,4.396494195710314,0,0
Franco Colapinto,27,5.0,0.18518518518518517,0.7862783338192769,14.814814814814815,13.185185185185185,0.1111111111111111,1.6296296296296295,0.10367095747572388,0.011709601873536299,0.3084194469867155,0.17857142857142858,0.7862783338192769,0,0
Gabriel Bortoleto,24,19.0,0.7916666666666666,1.9332146390351252,13.416666666666666,14.25,0.0,-0.8333333333333334,0.2698972847507279,0.05491329479768786,0.33572842998585567,0.76,1.9332146390351252,0,0
George Russell,152,953.0,6.269736842105263,6.787181524231696,9.013157894736842,7.559210526315789,0.1118421052631579,1.4539473684210527,0.8051355708860083,0.6261498028909329,0.4786697706701232,6.228758169934641,6.787181524231696,1,1
Guanyu Zhou,68,16.0,0.23529411764705882,0.7939631755591603,15.014705882352942,11.897058823529411,0.14705882352941177,3.1176470588235294,0.13115883361079583,0.014692378328741965,0.3130575118806987,0.2318840579710145,0.7939631755591603,0,0
Isack Hadjar,24,50.0,2.0833333333333335,3.7522939843417835,9.541666666666666,11.791666666666666,0.0,-2.25,0.4383847758993146,0.19762845849802374,0.3589344648750589,2.0,3.7522939843417835,0,1
Jack Aitken,1,0.0,0.0,,17.0,16.0,0.0,1.0,,0.0,0.3305882352941176,0.0,0.0,0,0
Jack Doohan,7,0.0,0.0,0.0,15.714285714285714,16.142857142857142,0.0,-0.42857142857142855,0.0,0.0,0.3171428571428571,0.0,0.0,0,0
Jenson Button,41,37.0,0.9024390243902439,1.9468548745191625,14.536585365853659,7.926829268292683,0.3170731707317073,6.609756097560975,0.3062380275979809,0.058084772370486655,0.31379267379494663,0.8809523809523809,1.9468548745191625,0,0
Jolyon Palmer,37,9.0,0.24324324324324326,1.320887862289886,16.324324324324323,9.324324324324325,0.2972972972972973,7.0,0.10480611631242243,0.0140405616224649,0.30475063132022945,0.23684210526315788,1.320887862289886,0,0
Kevin Magnussen,167,141.0,0.844311377245509,2.082561119900876,13.401197604790418,10.676646706586826,0.17964071856287425,2.7245508982035926,0.27389931437033727,0.05862785862785863,0.31681142582129196,0.8392857142857143,2.082561119900876,0,0
Kimi Räikkönen,139,849.0,6.107913669064748,6.597859388789073,8.453237410071942,6.60431654676259,0.1510791366906475,1.8489208633093526,0.8038992769565076,0.6461187214611872,0.4660383170292121,6.064285714285714,6.597859388789073,1,0
Lance Stroll,191,315.0,1.649214659685864,3.250503914131464,13.361256544502618,10.104712041884817,0.13089005235602094,3.256544502617801,0.3880045032314386,0.11483776886620488,0.359213165541993,1.640625,3.250503914131464,0,1
Lando Norris,152,1344.0,8.842105263157896,7.7323653356660875,6.565789473684211,6.190789473684211,0.05921052631578947,0.375,1.0125670334752934,1.1686956521739131,0.5570730006437176,8.784313725490197,7.7323653356660875,1,1
Lewis Hamilton,232,3469.5,14.954741379310345,8.637674145940014,4.616379310344827,3.646551724137931,0.04310344827586207,0.9698275862068966,1.551696099375824,2.662701458173446,0.7404210718087166,14.890557939914164,8.637674145940014,1,1
Liam Lawson,35,44.0,1.2571428571428571,2.477461427762382,12.342857142857143,12.82857142857143,0.0,-0.4857142857142857,0.36151166109462274,0.09421841541755888,0.35216778196427084,1.2222222222222223,2.477461427762382,0,1
Logan Sargeant,36,1.0,0.027777777777777776,0.16666666666666666,16.38888888888889,12.63888888888889,0.19444444444444445,3.75,0.023809523809523808,0.001597444089456869,0.29892304776696155,0.02702702702702703,0.16666666666666666,0,0
Marcus Ericsson,81,18.0,0.2222222222222222,0.6519202405202649,16.22222222222222,10.382716049382717,0.2222222222222222,5.839506172839506,0.1345235785428928,0.012903225806451613,0.31575620493888795,0.21951219512195122,0.6519202405202649,0,0
Max Verstappen,233,3301.5,14.169527896995708,9.333974291225658,4.802575107296137,3.1030042918454934,0.12875536480686695,1.6995708154506437,1.371159584655318,2.4419378698224854,0.6993811229501787,14.10897435897436,9.333974291225658,1,1
Mick Schumacher,44,12.0,0.2727272727272727,1.335797581860372,15.340909090909092,13.0,0.13636363636363635,2.340909090909091,0.11675980609161178,0.01668984700973574,0.3100145224606494,0.26666666666666666,1.335797581860372,0,0
Nicholas Latifi,61,9.0,0.14754098360655737,0.8131433980500301,16.672131147540984,12.901639344262295,0.16393442622950818,3.7704918032786887,0.0813730363330514,0.008348794063079777,0.31165684387697623,0.14516129032258066,0.8131433980500301,0,0
Nico Hülkenberg,177,382.0,2.15819209039548,3.1815971381140105,10.858757062146893,8.88135593220339,0.1807909604519774,1.9774011299435028,0.5161166939598755,0.18199142448785136,0.34660212667043655,2.146067415730337,3.1815971381140105,0,0
Nico Rosberg,40,707.0,17.675,7.596853262185566,1.925,2.5,0.05,-0.575,2.055984842470896,6.0427350427350435,0.8007647058823528,17.24390243902439,7.596853262185566,1,1
Nikita Mazepin,22,0.0,0.0,0.0,18.5,12.954545454545455,0.2727272727272727,5.545454545454546,0.0,0.0,0.29155080213903745,0.0,0.0,0,0
Nyck de Vries,11,2.0,0.18181818181818182,0.6030226891555273,14.0,13.454545454545455,0.09090909090909091,0.5454545454545454,0.1134220888127065,0.012121212121212121,0.30418080463508534,0.16666666666666666,0.6030226891555273,0,0
Oliver Bearman,27,46.0,1.7037037037037037,3.147829714077925,13.481481481481481,11.555555555555555,0.0,1.9259259259259258,0.41074581676322314,0.11764705882352942,0.3874981279640569,1.6428571428571428,3.147829714077925,0,1
Oscar Piastri,70,728.0,10.4,8.443160339691477,5.9,5.814285714285714,0.04285714285714286,0.08571428571428572,1.1013262113412112,1.5072463768115942,0.6033268990764622,10.253521126760564,8.443160339691477,1,1
Pascal Wehrlein,39,6.0,0.15384615384615385,0.6703675950928768,17.384615384615383,11.923076923076923,0.20512820512820512,5.461538461538462,0.09210317195934324,0.008368200836820085,0.3153928075419048,0.15,0.6703675950928768,0,0
Pastor Maldonado,19,27.0,1.4210526315789473,2.3878346647045965,11.842105263157896,5.2105263157894735,0.47368421052631576,6.631578947368421,0.41945749194429965,0.11065573770491802,0.2816855767841269,1.35,2.3878346647045965,0,0
Paul di Resta,1,0.0,0.0,,19.0,0.0,1.0,19.0,,0.0,0.2,0.0,0.0,0,0
Pierre Gasly,178,446.0,2.50561797752809,4.22963340828594,11.01123595505618,9.561797752808989,0.11235955056179775,1.449438202247191,0.4791192387516373,0.2086061739943873,0.3719906589846974,2.4916201117318435,4.22963340828594,0,1
Pietro Fittipaldi,2,0.0,0.0,0.0,18.5,18.0,0.0,0.5,0.0,0.0,0.32588235294117646,0.0,0.0,0,0
Rio Haryanto,12,0.0,0.0,0.0,19.833333333333332,13.666666666666666,0.25,6.166666666666667,0.0,0.0,0.3042156862745098,0.0,0.0,0,0
Robert Kubica,23,1.0,0.043478260869565216,0.20851441405707474,16.0,15.26086956521739,0.08695652173913043,0.7391304347826086,0.03597661754286024,0.002557544757033248,0.3032759724638887,0.041666666666666664,0.20851441405707474,0,0
Roberto Merhi,13,0.0,0.0,0.0,18.23076923076923,14.307692307692308,0.07692307692307693,3.923076923076923,0.0,0.0,0.3350226244343892,0.0,0.0,0,0
Romain Grosjean,117,155.0,1.3247863247863247,2.7600257989457013,12.153846153846153,8.76923076923077,0.24786324786324787,3.3846153846153846,0.35233437099229226,0.10071474983755685,0.3161489749492079,1.3135593220338984,2.7600257989457013,0,0
Sebastian Vettel,161,1480.0,9.192546583850932,8.34005060532482,7.099378881987578,5.53416149068323,0.10559006211180125,1.565217391304348,0.9842073637813274,1.1349693251533743,0.5642746603591932,9.135802469135802,8.34005060532482,1,1
Sergey Sirotkin,21,1.0,0.047619047619047616,0.21821789023599236,16.285714285714285,12.714285714285714,0.14285714285714285,3.5714285714285716,0.03908910548820038,0.0027548209366391185,0.31327984659210223,0.045454545454545456,0.21821789023599236,0,0
Sergio Pérez,207,1397.0,6.748792270531401,6.617473632147918,8.46376811594203,6.8019323671497585,0.0821256038647343,1.6618357487922706,0.8859620126612012,0.7131189382337927,0.5030930977642887,6.716346153846154,6.617473632147918,1,1
Stoffel Vandoorne,42,26.0,0.6190476190476191,1.5452899475720936,15.19047619047619,9.785714285714286,0.19047619047619047,5.404761904761905,0.24321300590454045,0.03823529411764706,0.3324139160614741,0.6046511627906976,1.5452899475720936,0,0
Valtteri Bottas,209,1598.0,7.645933014354067,7.93355793784754,7.373205741626794,6.650717703349282,0.11483253588516747,0.722488038277512,0.8558665055455258,0.9131428571428571,0.5098189031640891,7.609523809523809,7.93355793784754,1,1
Will Stevens,18,0.0,0.0,0.0,16.77777777777778,13.38888888888889,0.16666666666666666,3.388888888888889,0.0,0.0,0.3030718954248366,0.0,0.0,0,0
Yuki Tsunoda,114,108.0,0.9473684210526315,2.10285143649039,12.131578947368421,10.614035087719298,0.14035087719298245,1.5175438596491229,0.30532187584339915,0.0721442885771543,0.32015364561666243,0.9391304347826087,2.10285143649039,0,0
